id,first_name,last_name,email,gender,job_title
1,Vernice,Royden,vroyden0@geocities.com,Female,Internal Auditor
2,Ashlen,Gass,agass1@hatena.ne.jp,Female,Engineer III
3,Spenser,Vail,svail2@cargocollective.com,Male,Budget/Accounting Analyst I
4,Marmaduke,Dingley,mdingley3@diigo.com,Male,Quality Engineer
5,Karl,Legat,klegat4@example.com,Genderqueer,Tax Accountant
6,Emma,Thoresbie,ethoresbie5@cisco.com,Female,Product Engineer
7,Mikel,Flew,mflew6@lulu.com,Male,Recruiter
8,Jackson,Haken,jhaken7@arstechnica.com,Male,Chief Design Engineer
9,Sue,Vosper,svosper8@geocities.com,Female,Software Test Engineer II
10,Marian,Simkins,msimkins9@purevolume.com,Female,Geologist I
11,Page,Nutty,pnuttya@wikimedia.org,Male,Human Resources Manager
12,Latia,Mogie,lmogieb@wordpress.com,Female,Account Coordinator
13,Griswold,Wackley,gwackleyc@bizjournals.com,Male,Senior Sales Associate
14,Franny,Silkstone,fsilkstoned@thetimes.co.uk,Male,VP Sales
15,Umeko,Thorowgood,uthorowgoode@wired.com,Female,Electrical Engineer
16,Krista,Calbert,kcalbertf@tumblr.com,Agender,Teacher
17,Jacklyn,Kull,jkullg@reuters.com,Female,VP Quality Control
18,Bendicty,Oven,bovenh@nbcnews.com,Male,Senior Editor
19,Etti,Dauby,edaubyi@lycos.com,Female,Developer II
20,Carolina,Simion,csimionj@gnu.org,Female,Tax Accountant
21,Benyamin,Couroy,bcouroyk@liveinternet.ru,Male,Biostatistician I
22,Jessalin,Barrasse,jbarrassel@technorati.com,Female,Marketing Manager
23,Nonna,Bindin,nbindinm@si.edu,Female,Safety Technician III
24,Welsh,Gillbard,wgillbardn@behance.net,Male,Junior Executive
25,Chic,Gynne,cgynneo@va.gov,Male,Structural Engineer
26,Kalli,Altofts,kaltoftsp@sitemeter.com,Female,Graphic Designer
27,Mathian,Dudgeon,mdudgeonq@army.mil,Male,Business Systems Development Analyst
28,Sonnie,Rawstorne,srawstorner@weebly.com,Male,Health Coach I
29,Antonie,Gylle,agylles@biglobe.ne.jp,Female,Web Designer I
30,Karna,Snelgrove,ksnelgrovet@answers.com,Female,Occupational Therapist
31,Marjorie,Blunsen,mblunsenu@macromedia.com,Female,Mechanical Systems Engineer
32,Andriette,Tingle,atinglev@zdnet.com,Female,Geologist I
33,Atlanta,Bostick,abostickw@usda.gov,Female,Web Developer III
34,Eleonora,Semor,esemorx@yale.edu,Female,Teacher
35,Claudianus,Gossan,cgossany@apache.org,Male,Accountant II
36,Sondra,Baselio,sbaselioz@wisc.edu,Female,Nuclear Power Engineer
37,Kinna,Ellesworth,kellesworth10@dailymotion.com,Female,Civil Engineer
38,Dougie,Hexter,dhexter11@vimeo.com,Male,Programmer I
39,Kendrick,Creaney,kcreaney12@dagondesign.com,Male,Marketing Manager
40,Archibald,Wayman,awayman13@qq.com,Male,Analyst Programmer
41,Lauren,Rignall,lrignall14@mediafire.com,Male,Librarian
42,Creigh,Mussett,cmussett15@livejournal.com,Male,Nurse Practicioner
43,Gaspar,Pray,gpray16@fda.gov,Male,Environmental Specialist
44,Ericha,Perkis,eperkis17@booking.com,Female,Help Desk Technician
45,Candis,Millimoe,cmillimoe18@icq.com,Female,Dental Hygienist
46,Devlin,Geroldi,dgeroldi19@theatlantic.com,Male,Information Systems Manager
47,Junette,Whiteland,jwhiteland1a@fema.gov,Female,Senior Developer
48,Donal,Sprouls,dsprouls1b@blinklist.com,Male,Professor
49,Thayne,Piatto,tpiatto1c@shareasale.com,Male,Internal Auditor
50,Jazmin,Justun,jjustun1d@go.com,Female,Paralegal
51,Noe,Poultney,npoultney1e@sfgate.com,Male,Accounting Assistant III
52,Nessa,MacAlinden,nmacalinden1f@unblog.fr,Female,Financial Advisor
53,Linnie,Le Ball,lleball1g@squarespace.com,Female,Account Representative IV
54,Lemar,Cassimer,lcassimer1h@salon.com,Male,Financial Analyst
55,Jervis,Tatchell,jtatchell1i@elegantthemes.com,Bigender,Software Test Engineer IV
56,Homer,Okill,hokill1j@opensource.org,Male,Help Desk Operator
57,Ottilie,Toleman,otoleman1k@vk.com,Female,Office Assistant III
58,Walton,De la Feld,wdelafeld1l@buzzfeed.com,Male,Chief Design Engineer
59,Dania,O'Corrane,docorrane1m@parallels.com,Female,Librarian
60,Augustina,Devita,adevita1n@naver.com,Female,Human Resources Assistant II
61,Buddy,Purveys,bpurveys1o@jalbum.net,Male,Database Administrator I
62,Davidson,Carn,dcarn1p@netscape.com,Male,Registered Nurse
63,Chico,Melwall,cmelwall1q@wordpress.com,Male,Cost Accountant
64,Francine,John,fjohn1r@reference.com,Female,Professor
65,Yvette,Streets,ystreets1s@usgs.gov,Female,Clinical Specialist
66,Wang,Taree,wtaree1t@addthis.com,Male,Operator
67,Seymour,Astall,sastall1u@webnode.com,Polygender,Web Developer III
68,Darwin,Lillicrop,dlillicrop1v@xrea.com,Male,Safety Technician I
69,Haily,Human,hhuman1w@umn.edu,Female,Dental Hygienist
70,Roman,Leare,rleare1x@bloomberg.com,Male,Project Manager
71,Chevalier,Sealy,csealy1y@hostgator.com,Male,VP Quality Control
72,Allan,Blamey,ablamey1z@hud.gov,Male,Financial Analyst
73,Claiborn,Phette,cphette20@163.com,Male,Research Associate
74,Tabbie,Jeannard,tjeannard21@home.pl,Male,Editor
75,Oralia,Bridal,obridal22@youku.com,Female,Account Executive
76,Francklyn,Pearde,fpearde23@uiuc.edu,Male,Executive Secretary
77,Benedicto,Shadfourth,bshadfourth24@ibm.com,Male,Executive Secretary
78,Bradan,Nisby,bnisby25@seattletimes.com,Male,Analyst Programmer
79,Elfrieda,Giovannini,egiovannini26@washington.edu,Female,Engineer III
80,Cleo,Pringour,cpringour27@flickr.com,Female,Account Executive
81,Ingeberg,Briddle,ibriddle28@pagesperso-orange.fr,Female,Research Nurse
82,Mei,Doonican,mdoonican29@sourceforge.net,Female,Junior Executive
83,Sydel,Kernoghan,skernoghan2a@edublogs.org,Female,Quality Engineer
84,Bord,Windows,bwindows2b@forbes.com,Male,Human Resources Assistant III
85,Andy,Latimer,alatimer2c@engadget.com,Female,Database Administrator II
86,Jake,Filipychev,jfilipychev2d@dmoz.org,Male,Nuclear Power Engineer
87,Marchall,Kwiek,mkwiek2e@yahoo.co.jp,Male,Project Manager
88,Gaye,Purton,gpurton2f@wix.com,Female,Payment Adjustment Coordinator
89,Hyacintha,Teaz,hteaz2g@bigcartel.com,Female,Compensation Analyst
90,Roxana,Teggart,rteggart2h@forbes.com,Female,Account Executive
91,Cristian,O' Donohue,codonohue2i@yolasite.com,Male,VP Accounting
92,Elmer,Nansom,enansom2j@unicef.org,Male,Administrative Officer
93,Jabez,Brumen,jbrumen2k@hubpages.com,Male,Media Manager III
94,Karlie,Basterfield,kbasterfield2l@mapquest.com,Female,Chief Design Engineer
95,Val,Kinnin,vkinnin2m@ebay.co.uk,Female,Professor
96,Muffin,Daftor,mdaftor2n@weibo.com,Male,Chemical Engineer
97,Cirilo,Hugenin,chugenin2o@blogtalkradio.com,Male,Mechanical Systems Engineer
98,Tyrone,Stalf,tstalf2p@joomla.org,Male,Staff Accountant III
99,Edd,Kearton,ekearton2q@mozilla.org,Male,VP Sales
100,Dorri,Lindl,dlindl2r@theatlantic.com,Female,Junior Executive
101,Letta,Fleeming,lfleeming2s@icq.com,Female,Director of Sales
102,Normy,Mease,nmease2t@opera.com,Male,Recruiting Manager
103,Nina,McTrustram,nmctrustram2u@comcast.net,Female,Statistician II
104,Kelsy,Erridge,kerridge2v@sohu.com,Female,Environmental Tech
105,Tory,Gullyes,tgullyes2w@liveinternet.ru,Female,Health Coach I
106,Jen,Romain,jromain2x@zdnet.com,Female,Business Systems Development Analyst
107,Ker,Oselton,koselton2y@youku.com,Male,Programmer Analyst III
108,Horatio,Claye,hclaye2z@wikimedia.org,Male,Administrative Assistant I
109,Jessamyn,Haggis,jhaggis30@craigslist.org,Female,Product Engineer
110,Hazel,Lyfe,hlyfe31@tamu.edu,Female,Dental Hygienist
111,Willy,Alphege,walphege32@economist.com,Male,Chemical Engineer
112,Dwight,Johansen,djohansen33@harvard.edu,Male,Nuclear Power Engineer
113,Chan,Vasichev,cvasichev34@ca.gov,Male,Safety Technician III
114,Dorotea,Shapcote,dshapcote35@studiopress.com,Agender,Internal Auditor
115,Gallagher,Silmon,gsilmon36@cdbaby.com,Polygender,Database Administrator III
116,Kimberlee,Keming,kkeming37@tinyurl.com,Female,Staff Accountant II
117,Vinnie,Davson,vdavson38@a8.net,Male,Staff Scientist
118,Ailyn,Spieck,aspieck39@4shared.com,Female,Office Assistant III
119,Joly,Semaine,jsemaine3a@jigsy.com,Female,Nurse
120,Keefe,Oke,koke3b@netlog.com,Non-binary,Actuary
121,Sib,Morriarty,smorriarty3c@google.com.au,Female,Software Engineer I
122,Simonne,Marchington,smarchington3d@admin.ch,Female,Community Outreach Specialist
123,Corrie,Greenshields,cgreenshields3e@tamu.edu,Male,Recruiter
124,Field,Fowley,ffowley3f@businessweek.com,Male,Tax Accountant
125,Wandie,Corbitt,wcorbitt3g@ezinearticles.com,Female,Account Coordinator
126,Raina,Saladin,rsaladin3h@imgur.com,Female,Speech Pathologist
127,Octavius,Wallen,owallen3i@techcrunch.com,Male,VP Sales
128,Arlee,Deverill,adeverill3j@imdb.com,Female,Librarian
129,Rosetta,Handscomb,rhandscomb3k@businessinsider.com,Female,Computer Systems Analyst IV
130,Ileana,Theuff,itheuff3l@qq.com,Female,Senior Developer
131,Elvis,Fice,efice3m@wsj.com,Male,Marketing Manager
132,Alanna,Earle,aearle3n@sun.com,Agender,Actuary
133,Shanan,Radwell,sradwell3o@senate.gov,Male,Social Worker
134,Standford,Knappett,sknappett3p@eepurl.com,Bigender,Environmental Specialist
135,Raffarty,Dellatorre,rdellatorre3q@lycos.com,Male,Financial Advisor
136,Lazaro,Dodd,ldodd3r@weibo.com,Male,Electrical Engineer
137,Drud,Kennagh,dkennagh3s@sciencedirect.com,Male,Sales Representative
138,Euell,Stebbings,estebbings3t@about.me,Male,Editor
139,Carce,Pinnell,cpinnell3u@reference.com,Male,Occupational Therapist
140,Marshall,Chomicz,mchomicz3v@fema.gov,Male,VP Quality Control
141,Thaxter,Lark,tlark3w@wunderground.com,Male,Data Coordinator
142,Kimball,Falcus,kfalcus3x@newyorker.com,Polygender,Geologist III
143,Licha,Toderini,ltoderini3y@lycos.com,Female,Editor
144,Mart,Crisall,mcrisall3z@techcrunch.com,Male,Accounting Assistant II
145,Marietta,Jaukovic,mjaukovic40@smugmug.com,Female,Project Manager
146,Sanford,Hucker,shucker41@linkedin.com,Male,Health Coach IV
147,Hobie,Lamacraft,hlamacraft42@cargocollective.com,Male,Database Administrator I
148,Ransom,McShirrie,rmcshirrie43@wix.com,Polygender,Database Administrator II
149,Rodge,Iacivelli,riacivelli44@senate.gov,Male,Operator
150,Anny,MacSporran,amacsporran45@edublogs.org,Female,Administrative Assistant IV
151,Giffy,Files,gfiles46@nhs.uk,Male,Help Desk Technician
152,Andris,Ticic,aticic47@blogtalkradio.com,Genderqueer,Software Engineer II
153,Tanny,Heller,theller48@jimdo.com,Male,Account Representative II
154,Amalie,Baskwell,abaskwell49@berkeley.edu,Polygender,Business Systems Development Analyst
155,Parrnell,Pavlata,ppavlata4a@discovery.com,Male,Geologist III
156,Mehetabel,Milliere,mmilliere4b@devhub.com,Female,Community Outreach Specialist
157,Lek,Joicey,ljoicey4c@cbslocal.com,Male,Assistant Media Planner
158,Pavel,Grzegorecki,pgrzegorecki4d@sciencedaily.com,Non-binary,Internal Auditor
159,Xylina,Hinsche,xhinsche4e@github.io,Female,Safety Technician III
160,Gilli,Sammut,gsammut4f@bluehost.com,Genderqueer,Web Designer II
161,Dalila,Fantham,dfantham4g@wikipedia.org,Female,Design Engineer
162,Marcelo,Muino,mmuino4h@google.ru,Male,Analog Circuit Design manager
163,Abbye,Ivanyutin,aivanyutin4i@java.com,Female,Desktop Support Technician
164,Saleem,McIlwraith,smcilwraith4j@macromedia.com,Male,Engineer IV
165,Pincas,Mellanby,pmellanby4k@columbia.edu,Male,Senior Financial Analyst
166,Beau,Delia,bdelia4l@instagram.com,Male,Administrative Officer
167,Paige,Wretham,pwretham4m@ted.com,Non-binary,Payment Adjustment Coordinator
168,Corissa,Treeby,ctreeby4n@networkadvertising.org,Female,Paralegal
169,Perice,Speedin,pspeedin4o@shareasale.com,Polygender,Administrative Officer
170,Rikki,Fairpool,rfairpool4p@toplist.cz,Female,Account Executive
171,Symon,Leftley,sleftley4q@exblog.jp,Male,Technical Writer
172,Leticia,Pellissier,lpellissier4r@unesco.org,Female,Graphic Designer
173,Jeannine,Buttriss,jbuttriss4s@seattletimes.com,Female,Human Resources Assistant IV
174,Felisha,Tripcony,ftripcony4t@ask.com,Female,Desktop Support Technician
175,Henderson,O'Carran,hocarran4u@tamu.edu,Male,Assistant Media Planner
176,Lemmie,Kline,lkline4v@yahoo.com,Male,Mechanical Systems Engineer
177,Norean,Walford,nwalford4w@senate.gov,Female,Community Outreach Specialist
178,Ignace,Northgraves,inorthgraves4x@alibaba.com,Male,Chief Design Engineer
179,Frayda,Bigglestone,fbigglestone4y@newsvine.com,Female,Staff Accountant I
180,Myer,Pratton,mpratton4z@kickstarter.com,Male,Recruiter
181,Arabelle,Attenbrough,aattenbrough50@mediafire.com,Female,Legal Assistant
182,Sherwynd,Doulden,sdoulden51@blogs.com,Male,Associate Professor
183,Filia,Lynes,flynes52@aol.com,Female,Project Manager
184,Teodoro,Leaton,tleaton53@digg.com,Male,Account Representative I
185,Willey,Shearman,wshearman54@netvibes.com,Male,VP Accounting
186,Ernie,Sandeland,esandeland55@npr.org,Male,Food Chemist
187,Ula,MacMichael,umacmichael56@dailymail.co.uk,Female,Senior Quality Engineer
188,Mose,Grimmolby,mgrimmolby57@ox.ac.uk,Male,Senior Financial Analyst
189,Red,Kupisz,rkupisz58@ox.ac.uk,Male,GIS Technical Architect
190,Mill,Capponer,mcapponer59@hugedomains.com,Non-binary,Teacher
191,Launce,Comusso,lcomusso5a@mediafire.com,Male,VP Marketing
192,Lucho,Di Dello,ldidello5b@bravesites.com,Male,Senior Quality Engineer
193,Alfie,Ruddin,aruddin5c@narod.ru,Polygender,Biostatistician III
194,Ross,Fibbens,rfibbens5d@sbwire.com,Genderqueer,Product Engineer
195,Richy,Andriessen,randriessen5e@slashdot.org,Male,Executive Secretary
196,Hollis,Stobie,hstobie5f@meetup.com,Male,Computer Systems Analyst III
197,Delmor,Fleckno,dfleckno5g@myspace.com,Male,Recruiter
198,Remy,Jouen,rjouen5h@domainmarket.com,Female,Nurse Practicioner
199,Auberta,Semrad,asemrad5i@mozilla.org,Female,GIS Technical Architect
200,Gabi,Kleen,gkleen5j@amazon.co.uk,Female,Dental Hygienist
201,Trixy,Ridger,tridger5k@4shared.com,Female,Senior Editor
202,Kennett,Petts,kpetts5l@stumbleupon.com,Male,Business Systems Development Analyst
203,Shellysheldon,Gresly,sgresly5m@ibm.com,Male,Nurse
204,Irma,Noods,inoods5n@homestead.com,Female,Office Assistant II
205,Addy,Hutcheons,ahutcheons5o@vistaprint.com,Female,Professor
206,Dulsea,Streetley,dstreetley5p@google.de,Female,Research Associate
207,Udell,Toffetto,utoffetto5q@disqus.com,Male,Chemical Engineer
208,Augustina,Goodoune,agoodoune5r@accuweather.com,Female,Database Administrator III
209,Nanni,Ortes,nortes5s@diigo.com,Female,Legal Assistant
210,Barbie,Lydster,blydster5t@ycombinator.com,Female,Dental Hygienist
211,Jack,Mathissen,jmathissen5u@miibeian.gov.cn,Male,Account Coordinator
212,Nancie,Morefield,nmorefield5v@artisteer.com,Bigender,Sales Representative
213,Luigi,Alsford,lalsford5w@istockphoto.com,Male,Technical Writer
214,Vic,Summergill,vsummergill5x@ameblo.jp,Male,Help Desk Operator
215,Alyssa,Bassett,abassett5y@merriam-webster.com,Female,Sales Associate
216,Anthia,Wasteney,awasteney5z@bluehost.com,Female,Systems Administrator I
217,Padget,Kirrens,pkirrens60@last.fm,Male,Executive Secretary
218,Pasquale,Rittmeier,prittmeier61@google.pl,Male,Nurse Practicioner
219,Zara,Raithbie,zraithbie62@japanpost.jp,Female,GIS Technical Architect
220,Nesta,Vowdon,nvowdon63@sogou.com,Female,Geologist II
221,Karola,Thorogood,kthorogood64@alexa.com,Female,Programmer Analyst IV
222,Clerc,Sheardown,csheardown65@fema.gov,Polygender,Nuclear Power Engineer
223,Horst,Craighall,hcraighall66@ca.gov,Male,Developer III
224,Lazare,Prisk,lprisk67@mlb.com,Male,Operator
225,Bendicty,Buckingham,bbuckingham68@webs.com,Male,Mechanical Systems Engineer
226,Rosie,Kochel,rkochel69@domainmarket.com,Female,Software Engineer IV
227,Gerhard,Sanderson,gsanderson6a@symantec.com,Male,VP Quality Control
228,Cortney,Infantino,cinfantino6b@unesco.org,Female,Marketing Assistant
229,Corby,Boick,cboick6c@admin.ch,Male,Human Resources Manager
230,Stella,Garham,sgarham6d@stanford.edu,Female,Information Systems Manager
231,Ethelda,Hallwell,ehallwell6e@mediafire.com,Female,Software Test Engineer IV
232,Caitrin,Hanwell,chanwell6f@chron.com,Female,Senior Developer
233,Cecilio,Dranfield,cdranfield6g@ifeng.com,Male,Marketing Assistant
234,Bernelle,Varga,bvarga6h@stumbleupon.com,Female,Staff Scientist
235,Honor,Rowden,hrowden6i@t-online.de,Female,Senior Quality Engineer
236,Orsola,McGrowther,omcgrowther6j@ted.com,Female,Electrical Engineer
237,Barthel,Hamlen,bhamlen6k@ehow.com,Male,Chief Design Engineer
238,Trstram,Paybody,tpaybody6l@bandcamp.com,Male,Operator
239,Collette,Arpin,carpin6m@clickbank.net,Female,Information Systems Manager
240,Ardelle,Lavers,alavers6n@indiatimes.com,Agender,Geologist I
241,Tildy,Battye,tbattye6o@gizmodo.com,Female,Senior Quality Engineer
242,Chickie,Dight,cdight6p@edublogs.org,Male,Editor
243,Vanni,Vedekhov,vvedekhov6q@tinypic.com,Female,Chemical Engineer
244,Kellby,Becarra,kbecarra6r@columbia.edu,Male,Environmental Specialist
245,Cristian,Cunnow,ccunnow6s@wordpress.com,Male,Accountant IV
246,Louella,Torvey,ltorvey6t@amazon.com,Female,Help Desk Technician
247,Arnaldo,Cussen,acussen6u@skype.com,Male,Desktop Support Technician
248,Wendie,Cardno,wcardno6v@deliciousdays.com,Female,Statistician III
249,Donny,Twining,dtwining6w@gizmodo.com,Male,Financial Advisor
250,Hettie,Habbema,hhabbema6x@hc360.com,Female,Media Manager I
251,Marcille,Shire,mshire6y@kickstarter.com,Bigender,Automation Specialist IV
252,Ronalda,Ors,rors6z@sogou.com,Female,Physical Therapy Assistant
253,Ignaz,Maddams,imaddams70@time.com,Male,Social Worker
254,Alvin,Vicarey,avicarey71@webeden.co.uk,Male,Statistician II
255,Nicola,Waud,nwaud72@dailymotion.com,Female,Tax Accountant
256,Arman,Tattersill,atattersill73@360.cn,Male,General Manager
257,Toiboid,Hardwin,thardwin74@upenn.edu,Male,Geologist III
258,Emelda,Rossbrook,erossbrook75@phoca.cz,Polygender,Librarian
259,Iorgo,Brownett,ibrownett76@xrea.com,Male,Electrical Engineer
260,Gasper,Barnet,gbarnet77@gmpg.org,Male,Database Administrator II
261,Roda,Dwyr,rdwyr78@marriott.com,Female,Technical Writer
262,Benjie,Libby,blibby79@yahoo.com,Agender,Executive Secretary
263,Robenia,Hayton,rhayton7a@baidu.com,Female,Recruiter
264,Hana,Lachaize,hlachaize7b@cafepress.com,Female,Staff Accountant II
265,Marrilee,Scare,mscare7c@webs.com,Non-binary,Registered Nurse
266,Lars,Baggarley,lbaggarley7d@netscape.com,Male,Environmental Tech
267,Staford,MacKaig,smackaig7e@godaddy.com,Polygender,Computer Systems Analyst III
268,Suzette,Kitchingman,skitchingman7f@harvard.edu,Female,Human Resources Manager
269,Dulcea,Stoven,dstoven7g@scribd.com,Female,Graphic Designer
270,Ki,Mugglestone,kmugglestone7h@house.gov,Genderqueer,Senior Editor
271,Dacia,Koopman,dkoopman7i@weibo.com,Female,Social Worker
272,Zoe,Furney,zfurney7j@geocities.jp,Female,Director of Sales
273,Ruddie,Whitesel,rwhitesel7k@msu.edu,Male,Staff Accountant II
274,Parry,Orteu,porteu7l@t-online.de,Male,Registered Nurse
275,Delinda,Castelletto,dcastelletto7m@altervista.org,Female,Account Executive
276,Trixie,Paff,tpaff7n@google.fr,Female,Chemical Engineer
277,Erick,Lanfer,elanfer7o@nature.com,Male,Health Coach II
278,Silas,Cuming,scuming7p@ebay.com,Male,Chief Design Engineer
279,Almeta,Djokic,adjokic7q@umich.edu,Polygender,VP Product Management
280,Brant,Bittlestone,bbittlestone7r@shutterfly.com,Male,Senior Sales Associate
281,Darby,Jachimak,djachimak7s@dmoz.org,Genderqueer,VP Product Management
282,Irv,Scraggs,iscraggs7t@reference.com,Male,Programmer Analyst III
283,Deane,Gellett,dgellett7u@bandcamp.com,Male,Analog Circuit Design manager
284,Mitchell,Cantero,mcantero7v@ocn.ne.jp,Male,Design Engineer
285,Lon,Ruselin,lruselin7w@phoca.cz,Male,Financial Analyst
286,Jackqueline,Tzuker,jtzuker7x@bbb.org,Female,Professor
287,Fonz,Le Quesne,flequesne7y@myspace.com,Male,Payment Adjustment Coordinator
288,Yves,Ensley,yensley7z@toplist.cz,Male,Web Designer I
289,Shir,Darmody,sdarmody80@clickbank.net,Female,Electrical Engineer
290,Catherin,Niles,cniles81@illinois.edu,Female,Recruiter
291,Normand,Djordjevic,ndjordjevic82@ow.ly,Male,Account Representative II
292,Darby,Gambie,dgambie83@timesonline.co.uk,Female,Nuclear Power Engineer
293,Sheelah,Scampion,sscampion84@g.co,Female,Statistician IV
294,Oran,Collin,ocollin85@ask.com,Male,Senior Sales Associate
295,Mylo,Brabin,mbrabin86@marketwatch.com,Male,Research Associate
296,Ellene,Street,estreet87@sciencedaily.com,Female,Accountant III
297,Sergent,Mews,smews88@angelfire.com,Male,Geological Engineer
298,Hobie,Pevsner,hpevsner89@acquirethisname.com,Male,Marketing Assistant
299,Dmitri,Brazelton,dbrazelton8a@wordpress.org,Male,Software Consultant
300,Winthrop,Ridgway,wridgway8b@reverbnation.com,Male,Analyst Programmer
301,Alanson,Chezelle,achezelle8c@princeton.edu,Male,VP Product Management
302,Gardie,Helks,ghelks8d@utexas.edu,Male,Human Resources Assistant I
303,Niel,Aery,naery8e@google.ru,Male,Systems Administrator I
304,Gardener,Averill,gaverill8f@topsy.com,Male,Actuary
305,Adiana,Robbs,arobbs8g@accuweather.com,Female,Research Associate
306,Sheelagh,Kaas,skaas8h@miitbeian.gov.cn,Female,Paralegal
307,Dannie,Jarrell,djarrell8i@chron.com,Male,Systems Administrator II
308,Hartley,Mitchard,hmitchard8j@scientificamerican.com,Male,General Manager
309,Judd,Halson,jhalson8k@nhs.uk,Male,Business Systems Development Analyst
310,Issy,Leivesley,ileivesley8l@example.com,Female,Software Consultant
311,Deni,Speddin,dspeddin8m@virginia.edu,Female,Staff Scientist
312,Jennine,Trevallion,jtrevallion8n@wix.com,Female,Tax Accountant
313,Lily,Siviour,lsiviour8o@posterous.com,Female,Analyst Programmer
314,Cicely,Foux,cfoux8p@mapquest.com,Female,Staff Accountant II
315,Almeda,Standbridge,astandbridge8q@buzzfeed.com,Female,Accounting Assistant I
316,Retha,Franek,rfranek8r@wikia.com,Female,VP Marketing
317,Helaine,Rozzier,hrozzier8s@shutterfly.com,Female,Account Executive
318,Demetris,Deplacido,ddeplacido8t@prnewswire.com,Male,Human Resources Manager
319,Alon,Crummie,acrummie8u@ehow.com,Male,Chief Design Engineer
320,Alan,Kerford,akerford8v@chron.com,Male,Clinical Specialist
321,Maggie,Crandon,mcrandon8w@yellowbook.com,Female,Occupational Therapist
322,Granny,MacKaile,gmackaile8x@vk.com,Male,Senior Editor
323,Flem,Seagar,fseagar8y@apple.com,Male,Human Resources Manager
324,Waverly,Marking,wmarking8z@mtv.com,Bigender,Editor
325,Alphonse,Jouhandeau,ajouhandeau90@imageshack.us,Male,Account Representative II
326,Brittan,Ginty,bginty91@cmu.edu,Female,Payment Adjustment Coordinator
327,Ebba,Hinrichs,ehinrichs92@blogtalkradio.com,Female,General Manager
328,Carri,Crankhorn,ccrankhorn93@com.com,Female,Senior Sales Associate
329,Grantham,Oneile,goneile94@shutterfly.com,Male,Clinical Specialist
330,Marsha,Bloxholm,mbloxholm95@usda.gov,Female,Analyst Programmer
331,Peter,Deverale,pdeverale96@lycos.com,Male,Computer Systems Analyst I
332,Land,Titterrell,ltitterrell97@photobucket.com,Male,Safety Technician II
333,Eirena,Gook,egook98@simplemachines.org,Genderfluid,Teacher
334,Ulrick,Stratz,ustratz99@princeton.edu,Non-binary,Administrative Officer
335,Karole,Mailey,kmailey9a@dot.gov,Female,Internal Auditor
336,Moyra,Paulton,mpaulton9b@bing.com,Polygender,Programmer I
337,Rora,Milberry,rmilberry9c@ebay.com,Female,Recruiter
338,Roxy,Ashcroft,rashcroft9d@europa.eu,Polygender,Human Resources Assistant IV
339,Bianka,Birrell,bbirrell9e@salon.com,Female,Business Systems Development Analyst
340,Selina,Spellacy,sspellacy9f@jigsy.com,Female,Account Executive
341,Cherrita,Persian,cpersian9g@deviantart.com,Female,VP Marketing
342,Daniel,Vinau,dvinau9h@sciencedirect.com,Male,Legal Assistant
343,Parry,Jewell,pjewell9i@godaddy.com,Male,Junior Executive
344,Fons,Blackstone,fblackstone9j@unesco.org,Male,Recruiter
345,Early,Kluss,ekluss9k@vkontakte.ru,Male,Biostatistician IV
346,Gleda,Farmiloe,gfarmiloe9l@addthis.com,Female,Environmental Specialist
347,Lucina,Lockyer,llockyer9m@ucoz.com,Female,Paralegal
348,Margo,Joysey,mjoysey9n@sina.com.cn,Female,Financial Analyst
349,Bond,Iacobucci,biacobucci9o@nymag.com,Male,GIS Technical Architect
350,Walker,Dionisetto,wdionisetto9p@bigcartel.com,Male,Structural Engineer
351,Joya,Jepensen,jjepensen9q@bandcamp.com,Female,Recruiter
352,Loren,Pagel,lpagel9r@cbsnews.com,Female,Operator
353,Roobbie,Stife,rstife9s@joomla.org,Female,Software Engineer II
354,Kahlil,Kybbye,kkybbye9t@nsw.gov.au,Male,Help Desk Technician
355,Taddeusz,Cardenas,tcardenas9u@godaddy.com,Non-binary,Librarian
356,Roseanna,Darville,rdarville9v@dell.com,Female,Programmer Analyst III
357,Leupold,Sandbatch,lsandbatch9w@wikispaces.com,Male,Operator
358,Vidovik,Dofty,vdofty9x@qq.com,Non-binary,Analyst Programmer
359,Meade,Folley,mfolley9y@amazon.co.uk,Male,VP Product Management
360,Kelsy,Balsillie,kbalsillie9z@devhub.com,Female,Recruiter
361,Kipper,Calltone,kcalltonea0@psu.edu,Male,Developer IV
362,Agathe,Mellonby,amellonbya1@cloudflare.com,Female,Associate Professor
363,Breena,Tommei,btommeia2@hugedomains.com,Female,Physical Therapy Assistant
364,Lyndsey,Caldroni,lcaldronia3@nature.com,Genderfluid,Occupational Therapist
365,Sharron,Whitticks,swhitticksa4@livejournal.com,Female,Marketing Assistant
366,Edvard,Firminger,efirmingera5@cnet.com,Male,Editor
367,Joshia,Sibary,jsibarya6@hp.com,Male,Professor
368,Fielding,Shayes,fshayesa7@sciencedaily.com,Male,Systems Administrator I
369,Rebe,Goare,rgoarea8@dmoz.org,Female,Senior Financial Analyst
370,Brandon,Palliser,bpallisera9@cmu.edu,Male,Nurse Practicioner
371,Graehme,Markova,gmarkovaaa@miibeian.gov.cn,Male,Tax Accountant
372,Karoline,Matzel,kmatzelab@cbsnews.com,Female,Budget/Accounting Analyst IV
373,Gretel,Kite,gkiteac@theglobeandmail.com,Female,Assistant Media Planner
374,Karita,Coghlin,kcoghlinad@wikia.com,Female,Media Manager III
375,Henri,Diano,hdianoae@earthlink.net,Male,VP Product Management
376,Gibby,Dandison,gdandisonaf@oakley.com,Male,Chemical Engineer
377,Aldo,Clausner,aclausnerag@slashdot.org,Male,Professor
378,Fraze,Pourvoieur,fpourvoieurah@shutterfly.com,Male,Internal Auditor
379,Tamarra,McDuffie,tmcduffieai@webs.com,Female,Chief Design Engineer
380,Dell,Vennings,dvenningsaj@github.com,Agender,Geological Engineer
381,Gilli,Edgerton,gedgertonak@webeden.co.uk,Female,Recruiting Manager
382,Leicester,Depka,ldepkaal@xing.com,Male,Computer Systems Analyst III
383,Burnaby,Beachamp,bbeachampam@delicious.com,Male,Editor
384,Nicoli,Readman,nreadmanan@constantcontact.com,Female,Budget/Accounting Analyst III
385,Franciska,Dairton,fdairtonao@smh.com.au,Female,Teacher
386,Banky,Esposito,bespositoap@xinhuanet.com,Male,Registered Nurse
387,Dukie,Bish,dbishaq@webmd.com,Male,Software Consultant
388,Ceil,Reddecliffe,creddecliffear@sogou.com,Female,Web Designer II
389,Charlton,De Benedetti,cdebenedettias@spiegel.de,Male,Dental Hygienist
390,Goldia,Ragbourne,gragbourneat@blinklist.com,Female,Social Worker
391,Godfrey,Gitsham,ggitshamau@dyndns.org,Male,VP Marketing
392,Emmey,Cogley,ecogleyav@free.fr,Female,Speech Pathologist
393,Kinny,Piggen,kpiggenaw@newsvine.com,Male,Desktop Support Technician
394,Joete,Ornelas,jornelasax@utexas.edu,Female,Geologist I
395,Hastings,Darington,hdaringtonay@chicagotribune.com,Male,Account Coordinator
396,Forester,Eneas,feneasaz@wp.com,Male,Human Resources Assistant I
397,Shel,MacElholm,smacelholmb0@hexun.com,Female,VP Accounting
398,Jennee,Tansley,jtansleyb1@ebay.co.uk,Female,Marketing Assistant
399,Izzy,Meysham,imeyshamb2@state.gov,Male,Software Engineer III
400,Raye,Berrygun,rberrygunb3@spotify.com,Female,Health Coach II
401,Boothe,Clewlow,bclewlowb4@edublogs.org,Male,Social Worker
402,Silva,Coath,scoathb5@google.it,Female,Mechanical Systems Engineer
403,Esteban,Filyukov,efilyukovb6@sciencedirect.com,Male,Senior Sales Associate
404,Eugene,Yacobsohn,eyacobsohnb7@elegantthemes.com,Non-binary,Design Engineer
405,Juline,McIntosh,jmcintoshb8@pcworld.com,Female,Data Coordinator
406,Antonie,Van Daalen,avandaalenb9@tinypic.com,Female,Software Test Engineer III
407,Care,Foad,cfoadba@arizona.edu,Male,VP Sales
408,Vinnie,Crebott,vcrebottbb@zdnet.com,Male,Associate Professor
409,Rachelle,Priestner,rpriestnerbc@tumblr.com,Female,Staff Scientist
410,Franchot,Lamblin,flamblinbd@fda.gov,Male,Sales Representative
411,Vivie,Bevington,vbevingtonbe@ehow.com,Female,VP Sales
412,Van,Walklate,vwalklatebf@ft.com,Female,VP Sales
413,Rollin,Boake,rboakebg@woothemes.com,Male,Software Consultant
414,Garald,Goseling,ggoselingbh@constantcontact.com,Male,Developer I
415,Ned,Feldman,nfeldmanbi@canalblog.com,Male,Tax Accountant
416,Braden,Chotty,bchottybj@chron.com,Male,Tax Accountant
417,King,Pirdue,kpirduebk@virginia.edu,Male,Executive Secretary
418,Derril,Mineghelli,dmineghellibl@answers.com,Male,Nuclear Power Engineer
419,Fanny,ducarme,fducarmebm@seesaa.net,Female,Design Engineer
420,Livy,Dunckley,ldunckleybn@bloomberg.com,Female,Sales Associate
421,Doloritas,Laise,dlaisebo@prlog.org,Female,VP Quality Control
422,Catherin,Sheach,csheachbp@privacy.gov.au,Genderqueer,Analyst Programmer
423,Kessia,Trahear,ktrahearbq@quantcast.com,Genderqueer,Internal Auditor
424,Albertina,Fairbrass,afairbrassbr@omniture.com,Female,Associate Professor
425,Basil,Playden,bplaydenbs@indiegogo.com,Male,Electrical Engineer
426,Hyatt,Aldgate,haldgatebt@bigcartel.com,Male,Accounting Assistant IV
427,Shara,Vasyagin,svasyaginbu@amazonaws.com,Genderqueer,Project Manager
428,Darcie,Verni,dvernibv@amazonaws.com,Female,Programmer II
429,Lindon,Brehat,lbrehatbw@forbes.com,Male,Occupational Therapist
430,Auberon,Edbrooke,aedbrookebx@sbwire.com,Male,Internal Auditor
431,Annissa,Nellis,anellisby@ovh.net,Female,Tax Accountant
432,Ansley,Bernhart,abernhartbz@msu.edu,Female,Social Worker
433,Adelaide,Ongin,aonginc0@yahoo.co.jp,Female,VP Marketing
434,Borg,McBrier,bmcbrierc1@printfriendly.com,Male,Operator
435,Cthrine,Bauer,cbauerc2@newsvine.com,Female,Information Systems Manager
436,Joane,Ausello,jauselloc3@tripadvisor.com,Female,Legal Assistant
437,Florry,Pipet,fpipetc4@ucoz.ru,Female,Help Desk Technician
438,Colman,Brithman,cbrithmanc5@chicagotribune.com,Male,Cost Accountant
439,Nestor,Keyzman,nkeyzmanc6@adobe.com,Male,Sales Representative
440,Niles,Blakeman,nblakemanc7@barnesandnoble.com,Non-binary,Structural Analysis Engineer
441,Thomasina,Garwood,tgarwoodc8@studiopress.com,Female,Cost Accountant
442,Calida,Collum,ccollumc9@meetup.com,Female,Senior Financial Analyst
443,Cora,Annetts,cannettsca@jugem.jp,Female,Quality Control Specialist
444,Izabel,Kenrack,ikenrackcb@google.ca,Female,Sales Representative
445,Yoshiko,Guerrero,yguerrerocc@stumbleupon.com,Female,Marketing Manager
446,Lisbeth,Coplestone,lcoplestonecd@mozilla.org,Female,Computer Systems Analyst IV
447,Pren,Vaughten,pvaughtence@istockphoto.com,Agender,VP Product Management
448,Coop,Gillitt,cgillittcf@infoseek.co.jp,Male,Accountant II
449,Griffith,Albertson,galbertsoncg@github.io,Male,Community Outreach Specialist
450,Erie,Peaden,epeadench@statcounter.com,Male,Business Systems Development Analyst
451,Harrison,McKeady,hmckeadyci@arstechnica.com,Bigender,Programmer IV
452,Myca,Keniwell,mkeniwellcj@dmoz.org,Male,Teacher
453,Aguie,Flintoff,aflintoffck@baidu.com,Male,Administrative Officer
454,Joellen,Pighills,jpighillscl@myspace.com,Female,Occupational Therapist
455,Cull,Torbet,ctorbetcm@live.com,Male,Information Systems Manager
456,Minette,Battye,mbattyecn@google.com,Female,Senior Quality Engineer
457,Abdel,Rosindill,arosindillco@abc.net.au,Male,Office Assistant III
458,Egon,Torra,etorracp@mapy.cz,Male,Compensation Analyst
459,Rogers,Avraham,ravrahamcq@dyndns.org,Male,Budget/Accounting Analyst III
460,Kessia,Esposita,kespositacr@fc2.com,Female,Recruiting Manager
461,Trueman,Townsley,ttownsleycs@a8.net,Male,Web Developer II
462,Lyon,Clive,lclivect@dyndns.org,Polygender,Statistician II
463,Quinta,Lacroutz,qlacroutzcu@shareasale.com,Female,Quality Engineer
464,Ania,Amorts,aamortscv@bing.com,Female,Food Chemist
465,Tracee,Allden,talldencw@uol.com.br,Bigender,Research Assistant IV
466,Jorge,Brockhouse,jbrockhousecx@adobe.com,Male,Automation Specialist III
467,Shandy,O'Hagerty,sohagertycy@indiegogo.com,Female,Mechanical Systems Engineer
468,Dell,Canham,dcanhamcz@t.co,Male,Mechanical Systems Engineer
469,Caprice,Gallichan,cgallichand0@slashdot.org,Female,Food Chemist
470,Betti,Siss,bsissd1@netlog.com,Female,Analyst Programmer
471,Briney,Boom,bboomd2@wix.com,Female,Environmental Tech
472,Yulma,Widdup,ywiddupd3@scribd.com,Male,Senior Sales Associate
473,Carolan,Orteaux,corteauxd4@soundcloud.com,Agender,Office Assistant II
474,Heinrik,Whipple,hwhippled5@addtoany.com,Male,Media Manager I
475,Graig,Phizakarley,gphizakarleyd6@wp.com,Male,Physical Therapy Assistant
476,Karrah,Aizic,kaizicd7@dagondesign.com,Female,Engineer II
477,Deanne,Boustead,dbousteadd8@virginia.edu,Female,Pharmacist
478,Wittie,Blackford,wblackfordd9@bigcartel.com,Male,Automation Specialist I
479,Patten,Sedgefield,psedgefieldda@twitpic.com,Male,Computer Systems Analyst II
480,Iorgo,Veare,ivearedb@tamu.edu,Male,Sales Representative
481,Rabi,Mayhow,rmayhowdc@aol.com,Male,Senior Financial Analyst
482,Garrik,McPhee,gmcpheedd@ucoz.com,Male,Web Designer III
483,Bartolomeo,Brady,bbradyde@utexas.edu,Male,Electrical Engineer
484,Jana,Rickhuss,jrickhussdf@webeden.co.uk,Female,Accountant II
485,Ernestus,Cutill,ecutilldg@biglobe.ne.jp,Male,Staff Accountant II
486,Alfy,Harce,aharcedh@businesswire.com,Female,Media Manager II
487,Herve,Carnachen,hcarnachendi@ox.ac.uk,Male,Assistant Manager
488,Millard,Dilrew,mdilrewdj@hexun.com,Male,Accounting Assistant IV
489,Lorin,Tebbit,ltebbitdk@odnoklassniki.ru,Male,Staff Scientist
490,Lara,Swannick,lswannickdl@hibu.com,Female,Registered Nurse
491,Drusilla,Greenhowe,dgreenhowedm@imdb.com,Female,Speech Pathologist
492,Beverlie,Wilmot,bwilmotdn@ezinearticles.com,Female,Professor
493,Janey,Frichley,jfrichleydo@msn.com,Female,Teacher
494,Elsbeth,Jeenes,ejeenesdp@godaddy.com,Female,Help Desk Operator
495,Holmes,Greenhaugh,hgreenhaughdq@indiatimes.com,Male,Account Executive
496,Ellwood,Jakubiak,ejakubiakdr@domainmarket.com,Male,Senior Editor
497,Niven,Favill,nfavillds@is.gd,Male,Help Desk Operator
498,Nissie,Amos,namosdt@cocolog-nifty.com,Female,Internal Auditor
499,Andra,Ambrodi,aambrodidu@elegantthemes.com,Female,Food Chemist
500,Reuben,Payne,rpaynedv@gov.uk,Male,Compensation Analyst
501,Odelle,Fores,oforesdw@theatlantic.com,Female,Safety Technician IV
502,Zorana,Lorence,zlorencedx@about.com,Female,Actuary
503,Daphene,Georgins,dgeorginsdy@hatena.ne.jp,Female,GIS Technical Architect
504,Godard,Coventry,gcoventrydz@globo.com,Male,Actuary
505,Alyce,Woodfin,awoodfine0@opera.com,Female,Web Designer III
506,Briano,Diamant,bdiamante1@lycos.com,Male,Librarian
507,Anton,Skyppe,askyppee2@adobe.com,Male,Graphic Designer
508,Standford,Bartolomeotti,sbartolomeottie3@last.fm,Male,Internal Auditor
509,Rachel,Yeatman,ryeatmane4@nih.gov,Female,Budget/Accounting Analyst IV
510,Vassili,Billany,vbillanye5@macromedia.com,Male,Database Administrator I
511,Germayne,Sunter,gsuntere6@ameblo.jp,Male,Technical Writer
512,Starr,Samwell,ssamwelle7@npr.org,Female,Automation Specialist III
513,Even,Lovell,elovelle8@facebook.com,Male,Marketing Manager
514,Willdon,Tingle,wtinglee9@people.com.cn,Male,Help Desk Technician
515,Ruy,Warland,rwarlandea@discuz.net,Male,Help Desk Technician
516,Phaidra,Bonicelli,pbonicellieb@zdnet.com,Female,Financial Advisor
517,Frasier,Iacovone,fiacovoneec@trellian.com,Male,Cost Accountant
518,Flor,Jump,fjumped@constantcontact.com,Female,Structural Engineer
519,Mac,Hafner,mhafneree@constantcontact.com,Male,Software Test Engineer III
520,Erena,Lewzey,elewzeyef@dailymail.co.uk,Female,Developer II
521,Sarge,Lovatt,slovatteg@yale.edu,Male,Community Outreach Specialist
522,Giffy,Gommes,ggommeseh@omniture.com,Non-binary,Junior Executive
523,Fidole,Adamov,fadamovei@booking.com,Male,Recruiting Manager
524,Pincas,Campsall,pcampsallej@feedburner.com,Male,Senior Cost Accountant
525,Addy,Seavers,aseaversek@baidu.com,Female,Junior Executive
526,Kate,Griswaite,kgriswaiteel@networksolutions.com,Female,Paralegal
527,Jacquelyn,Magenny,jmagennyem@addtoany.com,Female,Social Worker
528,Jakie,MacCrossan,jmaccrossanen@tuttocitta.it,Male,Design Engineer
529,Eduardo,Ashness,eashnesseo@delicious.com,Male,Recruiter
530,Beatrix,Haggerstone,bhaggerstoneep@unicef.org,Female,Nurse Practicioner
531,Faythe,Nurse,fnurseeq@microsoft.com,Female,Web Designer II
532,Jermayne,Belliard,jbelliarder@mit.edu,Male,Software Engineer II
533,Burlie,Hagger,bhaggeres@topsy.com,Male,Analog Circuit Design manager
534,Thatcher,Showers,tshowerset@dion.ne.jp,Male,Human Resources Manager
535,Ruperto,Freiburger,rfreiburgereu@oakley.com,Male,Assistant Media Planner
536,Shena,Crawford,scrawfordev@furl.net,Female,Senior Financial Analyst
537,Rogers,Reeman,rreemanew@cdbaby.com,Male,Nuclear Power Engineer
538,Reade,Cotterill,rcotterillex@cnn.com,Male,Nurse Practicioner
539,Aurora,Dumberell,adumberelley@domainmarket.com,Female,General Manager
540,Hildegarde,Velte,hvelteez@geocities.jp,Female,Product Engineer
541,Tammie,Gerhold,tgerholdf0@admin.ch,Male,Automation Specialist II
542,Stevana,Aubray,saubrayf1@wikipedia.org,Female,Accounting Assistant II
543,Ravi,Toffano,rtoffanof2@jigsy.com,Male,Account Coordinator
544,Tedmund,Varley,tvarleyf3@elegantthemes.com,Male,Help Desk Operator
545,Wendie,Rate,wratef4@parallels.com,Female,Senior Financial Analyst
546,Les,Orrin,lorrinf5@oaic.gov.au,Male,Product Engineer
547,Fanchette,Kassidy,fkassidyf6@baidu.com,Female,Social Worker
548,Aeriel,Furneaux,afurneauxf7@utexas.edu,Female,Budget/Accounting Analyst IV
549,Charity,Lound,cloundf8@umich.edu,Female,Junior Executive
550,Rochella,Hurl,rhurlf9@china.com.cn,Genderfluid,Director of Sales
551,Nana,Hattrick,nhattrickfa@rakuten.co.jp,Female,Sales Representative
552,Vlad,Pestor,vpestorfb@boston.com,Male,Speech Pathologist
553,Bronny,Antoshin,bantoshinfc@unesco.org,Male,General Manager
554,Pierette,Hedde,pheddefd@japanpost.jp,Female,VP Sales
555,Sadye,Duggleby,sdugglebyfe@nifty.com,Female,Software Test Engineer IV
556,Ricardo,Gresswell,rgresswellff@npr.org,Male,Budget/Accounting Analyst III
557,Angy,Frascone,afrasconefg@state.gov,Female,Safety Technician IV
558,Quinn,De Witt,qdewittfh@e-recht24.de,Male,Quality Control Specialist
559,Keefe,Wherrit,kwherritfi@addtoany.com,Male,Speech Pathologist
560,Andras,Murphey,amurpheyfj@wordpress.com,Male,Community Outreach Specialist
561,Belle,Badrock,bbadrockfk@shop-pro.jp,Female,Registered Nurse
562,Farlay,Capps,fcappsfl@timesonline.co.uk,Male,Data Coordinator
563,Floyd,Inns,finnsfm@mac.com,Male,Speech Pathologist
564,Amye,Jerok,ajerokfn@studiopress.com,Female,Quality Engineer
565,Muhammad,Bretherick,mbretherickfo@chron.com,Male,VP Product Management
566,Dionne,Arch,darchfp@si.edu,Female,Statistician IV
567,Winifred,Radborn,wradbornfq@unicef.org,Female,Legal Assistant
568,Oliviero,Duddle,oduddlefr@yellowbook.com,Male,Junior Executive
569,Celeste,Nolte,cnoltefs@elegantthemes.com,Female,Senior Financial Analyst
570,Colin,Chuney,cchuneyft@cbslocal.com,Male,Teacher
571,Elizabeth,Munsey,emunseyfu@about.com,Female,Marketing Manager
572,Brion,Muscroft,bmuscroftfv@hud.gov,Male,Desktop Support Technician
573,Justis,Chesman,jchesmanfw@cnn.com,Male,Health Coach IV
574,Wendall,Gherardini,wgherardinifx@soup.io,Male,Media Manager II
575,Zebedee,Espada,zespadafy@bloomberg.com,Male,Project Manager
576,Rossy,Brabben,rbrabbenfz@tripod.com,Male,Account Representative IV
577,Antonius,Lambird,alambirdg0@jiathis.com,Male,Legal Assistant
578,Tuck,Boyne,tboyneg1@unesco.org,Genderfluid,Programmer IV
579,Antons,MacKellen,amackelleng2@wix.com,Male,VP Marketing
580,Hester,Kubala,hkubalag3@facebook.com,Female,Database Administrator II
581,Ty,Joplin,tjopling4@mac.com,Male,Graphic Designer
582,Andre,Wadge,awadgeg5@hatena.ne.jp,Male,GIS Technical Architect
583,Ives,Sottell,isottellg6@barnesandnoble.com,Male,VP Product Management
584,Michaelina,Boriston,mboristong7@weebly.com,Female,Staff Scientist
585,Bastien,Botler,bbotlerg8@unesco.org,Male,Desktop Support Technician
586,Lorant,Yellep,lyellepg9@pinterest.com,Male,Sales Representative
587,Raviv,McCory,rmccoryga@paginegialle.it,Male,Quality Control Specialist
588,Haleigh,Isson,hissongb@army.mil,Female,Research Assistant IV
589,Decca,Pressdee,dpressdeegc@abc.net.au,Male,Environmental Specialist
590,Ulric,Farnes,ufarnesgd@vinaora.com,Male,Librarian
591,Raquela,Ormiston,rormistonge@upenn.edu,Female,Recruiting Manager
592,Rozalie,Driuzzi,rdriuzzigf@ftc.gov,Female,Quality Engineer
593,Zorah,Kurten,zkurtengg@go.com,Female,Office Assistant III
594,Zedekiah,Ashplant,zashplantgh@irs.gov,Male,General Manager
595,Mame,Wawer,mwawergi@nydailynews.com,Female,Clinical Specialist
596,Micheal,Barhem,mbarhemgj@cocolog-nifty.com,Male,Statistician III
597,Amandy,Willoughley,awilloughleygk@e-recht24.de,Female,Health Coach II
598,Abram,Vader,avadergl@hud.gov,Male,Web Developer III
599,Lorelle,Whenham,lwhenhamgm@tinyurl.com,Female,Professor
600,De,Groll,dgrollgn@yolasite.com,Female,Librarian
601,Trace,Medendorp,tmedendorpgo@reddit.com,Male,GIS Technical Architect
602,Sianna,Farfoot,sfarfootgp@bbb.org,Female,Mechanical Systems Engineer
603,Yvor,Coopland,ycooplandgq@smugmug.com,Male,Information Systems Manager
604,Karel,Keays,kkeaysgr@naver.com,Female,Analyst Programmer
605,Christian,Jzhakov,cjzhakovgs@loc.gov,Male,Information Systems Manager
606,Clementia,Sara,csaragt@accuweather.com,Female,Professor
607,Lorena,Wattam,lwattamgu@trellian.com,Female,Recruiting Manager
608,Jamil,Holbarrow,jholbarrowgv@illinois.edu,Male,Senior Financial Analyst
609,Raff,Mulqueen,rmulqueengw@ucsd.edu,Male,Budget/Accounting Analyst I
610,Brien,Barnby,bbarnbygx@hostgator.com,Male,Cost Accountant
611,Robenia,Pendleton,rpendletongy@theglobeandmail.com,Female,Actuary
612,Hughie,Lochead,hlocheadgz@de.vu,Male,Media Manager IV
613,Godwin,Edmeads,gedmeadsh0@creativecommons.org,Male,Technical Writer
614,Gizela,Batrim,gbatrimh1@youku.com,Female,Chemical Engineer
615,Clayson,Aires,cairesh2@a8.net,Male,Teacher
616,Benjie,Fearnley,bfearnleyh3@yelp.com,Male,Data Coordinator
617,Viole,Pegden,vpegdenh4@4shared.com,Female,Executive Secretary
618,Lyssa,Strafen,lstrafenh5@nps.gov,Female,Technical Writer
619,Cleveland,Python,cpythonh6@constantcontact.com,Male,Senior Cost Accountant
620,Benedetta,Padson,bpadsonh7@tinypic.com,Female,Office Assistant I
621,Mickey,McTurlough,mmcturloughh8@about.com,Male,Graphic Designer
622,Eli,Dealy,edealyh9@creativecommons.org,Male,Speech Pathologist
623,Lamond,Huggons,lhuggonsha@phpbb.com,Male,Business Systems Development Analyst
624,Gard,Maro,gmarohb@hostgator.com,Male,Product Engineer
625,Vale,Gilvary,vgilvaryhc@spotify.com,Female,Executive Secretary
626,Bearnard,Buffery,bbufferyhd@disqus.com,Bigender,Electrical Engineer
627,Emilia,Bischop,ebischophe@studiopress.com,Genderfluid,Geologist IV
628,Aleksandr,Greiser,agreiserhf@cafepress.com,Male,Computer Systems Analyst II
629,Krisha,Dreakin,kdreakinhg@bbb.org,Male,Recruiter
630,Gothart,Sellan,gsellanhh@ustream.tv,Male,Compensation Analyst
631,Chet,Divall,cdivallhi@phoca.cz,Male,Recruiter
632,Zak,Baistow,zbaistowhj@msu.edu,Male,VP Accounting
633,Winonah,Baleine,wbaleinehk@icq.com,Female,Electrical Engineer
634,Austine,Steketee,asteketeehl@yahoo.com,Non-binary,Pharmacist
635,Kipper,Treske,ktreskehm@wsj.com,Male,Actuary
636,Pierson,Fishburn,pfishburnhn@clickbank.net,Male,Tax Accountant
637,Janeen,Comford,jcomfordho@diigo.com,Agender,Statistician III
638,Helaine,Mechan,hmechanhp@dyndns.org,Female,Research Nurse
639,Berna,Bewicke,bbewickehq@ucla.edu,Genderfluid,Recruiting Manager
640,Osbourn,Wedlock,owedlockhr@sitemeter.com,Male,Environmental Specialist
641,Cilka,Crigin,ccriginhs@telegraph.co.uk,Female,General Manager
642,Sinclare,Rzehorz,srzehorzht@goodreads.com,Male,Nurse Practicioner
643,Gizela,Hirtzmann,ghirtzmannhu@ucoz.com,Female,Junior Executive
644,Harlin,Gieraths,hgierathshv@usnews.com,Male,Software Test Engineer II
645,Aldous,Ferrar,aferrarhw@rambler.ru,Polygender,Technical Writer
646,Ephrayim,Foucher,efoucherhx@nih.gov,Male,Environmental Tech
647,Sunny,Iston,sistonhy@mozilla.org,Female,Food Chemist
648,Mattie,Mahady,mmahadyhz@so-net.ne.jp,Female,Statistician I
649,Raleigh,Hawlgarth,rhawlgarthi0@reddit.com,Agender,Staff Accountant IV
650,Romeo,Morhall,rmorhalli1@shinystat.com,Male,Account Executive
651,Pattin,Van Arsdall,pvanarsdalli2@ed.gov,Agender,Financial Analyst
652,Sutherlan,Upex,supexi3@purevolume.com,Male,Associate Professor
653,Rana,Khomin,rkhomini4@soundcloud.com,Genderfluid,Data Coordinator
654,Mar,Batt,mbatti5@virginia.edu,Male,Administrative Officer
655,Anestassia,Pieroni,apieronii6@statcounter.com,Female,Project Manager
656,Tore,Glowacki,tglowackii7@nymag.com,Male,Software Consultant
657,Reinwald,de'-Ancy Willis,rdeancywillisi8@europa.eu,Male,Human Resources Assistant II
658,Cory,Prowse,cprowsei9@harvard.edu,Non-binary,Safety Technician III
659,Charissa,Toynbee,ctoynbeeia@mac.com,Female,Computer Systems Analyst I
660,Torin,Astall,tastallib@twitpic.com,Male,VP Quality Control
661,Brennan,Bellord,bbellordic@artisteer.com,Male,Occupational Therapist
662,Tobie,Braunds,tbraundsid@opera.com,Male,VP Sales
663,Tawnya,Pilipyak,tpilipyakie@livejournal.com,Female,Environmental Specialist
664,Andree,Scottesmoor,ascottesmoorif@arstechnica.com,Female,VP Quality Control
665,Danell,Critchley,dcritchleyig@blogger.com,Female,VP Sales
666,Maureene,Dunguy,mdunguyih@wisc.edu,Female,Librarian
667,Tripp,Toke,ttokeii@google.co.jp,Male,Food Chemist
668,Daphene,Harman,dharmanij@macromedia.com,Female,Programmer Analyst III
669,Charita,Trundler,ctrundlerik@acquirethisname.com,Female,Payment Adjustment Coordinator
670,Krishna,Cheves,kchevesil@csmonitor.com,Male,Senior Quality Engineer
671,Delly,Bauldry,dbauldryim@hao123.com,Female,Community Outreach Specialist
672,Brade,Matula,bmatulain@baidu.com,Male,VP Quality Control
673,Caryl,Kleinsmuntz,ckleinsmuntzio@over-blog.com,Male,Chemical Engineer
674,Darlleen,Benardeau,dbenardeauip@oakley.com,Female,Financial Analyst
675,Innis,Tickle,itickleiq@illinois.edu,Genderqueer,Teacher
676,Gretal,Penzer,gpenzerir@ucla.edu,Female,Director of Sales
677,Suzann,Corgenvin,scorgenvinis@ted.com,Polygender,Mechanical Systems Engineer
678,Nicki,Faye,nfayeit@51.la,Female,Product Engineer
679,Marijo,Hubatsch,mhubatschiu@theatlantic.com,Female,Graphic Designer
680,Davine,Biskupek,dbiskupekiv@over-blog.com,Female,Social Worker
681,Suzi,MacArthur,smacarthuriw@issuu.com,Female,Junior Executive
682,Rollo,Robinett,rrobinettix@economist.com,Male,Nurse
683,Nissie,Woolam,nwoolamiy@cam.ac.uk,Female,Geological Engineer
684,Arte,Archdeckne,aarchdeckneiz@thetimes.co.uk,Male,Quality Control Specialist
685,Lexis,Shipp,lshippj0@surveymonkey.com,Female,Food Chemist
686,Benson,Mooreed,bmooreedj1@nba.com,Male,Research Nurse
687,Armstrong,Oxx,aoxxj2@acquirethisname.com,Male,Media Manager II
688,Shel,Sazio,ssazioj3@jigsy.com,Female,Marketing Assistant
689,Sebastiano,Bamborough,sbamboroughj4@geocities.com,Polygender,Help Desk Operator
690,Patric,Pennyman,ppennymanj5@intel.com,Genderqueer,Social Worker
691,Pierson,Uff,puffj6@twitter.com,Male,Civil Engineer
692,Mirilla,Gillie,mgilliej7@ebay.co.uk,Female,Paralegal
693,Dougy,Orts,dortsj8@ask.com,Male,Developer III
694,Mordy,Banger,mbangerj9@unicef.org,Male,Chief Design Engineer
695,Lynsey,Beard,lbeardja@chron.com,Female,VP Product Management
696,Danika,Roffe,droffejb@addtoany.com,Female,Electrical Engineer
697,Peggy,McArley,pmcarleyjc@noaa.gov,Female,Physical Therapy Assistant
698,Florenza,O'Cridigan,focridiganjd@bigcartel.com,Female,Marketing Manager
699,Fleurette,Wyon,fwyonje@wisc.edu,Female,VP Sales
700,Eldin,Gerritsma,egerritsmajf@bloglines.com,Male,Administrative Assistant I
701,Colene,Tomes,ctomesjg@tinyurl.com,Female,Director of Sales
702,Corrie,Matten,cmattenjh@google.nl,Male,Assistant Manager
703,Hedy,Macura,hmacuraji@ehow.com,Female,Payment Adjustment Coordinator
704,Beckie,Sullly,bsulllyjj@gizmodo.com,Genderfluid,Human Resources Assistant II
705,Luigi,Lanning,llanningjk@theatlantic.com,Male,Computer Systems Analyst III
706,Emiline,Marco,emarcojl@skype.com,Female,Professor
707,Nesta,Murdy,nmurdyjm@independent.co.uk,Female,Senior Editor
708,Lion,Sampey,lsampeyjn@usgs.gov,Male,Developer III
709,Patsy,Beeken,pbeekenjo@cargocollective.com,Male,Account Executive
710,Tony,Klausen,tklausenjp@usda.gov,Male,Legal Assistant
711,Orelia,Le Marquis,olemarquisjq@issuu.com,Female,Human Resources Manager
712,Bill,Baskeyfied,bbaskeyfiedjr@sourceforge.net,Male,Help Desk Technician
713,Stefano,Forrestill,sforrestilljs@mapquest.com,Male,VP Accounting
714,Car,Dargan,cdarganjt@smugmug.com,Polygender,Senior Financial Analyst
715,Greg,Huffy,ghuffyju@jugem.jp,Male,Paralegal
716,Rodrigo,Portam,rportamjv@engadget.com,Male,Automation Specialist III
717,Art,Rawstorne,arawstornejw@ask.com,Male,Research Assistant IV
718,Pris,Borg-Bartolo,pborgbartolojx@un.org,Female,Financial Advisor
719,Eliot,Tredger,etredgerjy@exblog.jp,Male,Analyst Programmer
720,Frankie,Greensmith,fgreensmithjz@mail.ru,Male,Graphic Designer
721,Tann,Eggers,teggersk0@cbsnews.com,Male,Budget/Accounting Analyst III
722,Berty,Artinstall,bartinstallk1@istockphoto.com,Female,Civil Engineer
723,Marge,Goodridge,mgoodridgek2@yahoo.com,Female,Programmer Analyst IV
724,Meta,Middler,mmiddlerk3@gmpg.org,Female,Senior Cost Accountant
725,Paulo,Warrell,pwarrellk4@people.com.cn,Male,Junior Executive
726,Harmony,Cassey,hcasseyk5@elpais.com,Female,Office Assistant II
727,Niven,Dell Casa,ndellcasak6@stumbleupon.com,Male,Account Representative I
728,Gaynor,Acutt,gacuttk7@redcross.org,Female,Data Coordinator
729,Bamby,Auden,baudenk8@hud.gov,Female,Data Coordinator
730,Tynan,Lugg,tluggk9@ocn.ne.jp,Genderfluid,Geological Engineer
731,Brianne,Gammade,bgammadeka@gov.uk,Bigender,Geological Engineer
732,Kaitlynn,Morican,kmoricankb@dell.com,Female,Analog Circuit Design manager
733,Harris,Roberto,hrobertokc@umn.edu,Male,Senior Editor
734,Howie,Anslow,hanslowkd@w3.org,Male,Civil Engineer
735,Wallie,Iggulden,wigguldenke@list-manage.com,Male,Geological Engineer
736,Jarib,Jennison,jjennisonkf@bluehost.com,Male,Payment Adjustment Coordinator
737,Zebulon,Howerd,zhowerdkg@surveymonkey.com,Male,Clinical Specialist
738,Henrieta,Panketh,hpankethkh@hugedomains.com,Female,Help Desk Operator
739,Joelie,Jurries,jjurrieski@pbs.org,Female,Executive Secretary
740,Fidelity,Simm,fsimmkj@bloomberg.com,Female,Payment Adjustment Coordinator
741,Aurelia,Rottgers,arottgerskk@ow.ly,Female,Analog Circuit Design manager
742,Henderson,Hayton,hhaytonkl@ibm.com,Male,Accounting Assistant III
743,Allayne,Koubu,akoubukm@msu.edu,Male,Food Chemist
744,Barnie,Fillis,bfilliskn@ucoz.com,Male,Safety Technician II
745,Liv,Cristoferi,lcristoferiko@prlog.org,Female,Dental Hygienist
746,Fayth,While,fwhilekp@disqus.com,Female,Biostatistician II
747,Monro,Morriss,mmorrisskq@hostgator.com,Male,Systems Administrator I
748,Bevin,Bolan,bbolankr@shutterfly.com,Non-binary,Account Representative II
749,Inger,Ferriby,iferribyks@addthis.com,Male,Business Systems Development Analyst
750,Sisile,Swin,sswinkt@webs.com,Female,Speech Pathologist
751,Eddi,Thurlow,ethurlowku@biglobe.ne.jp,Non-binary,Clinical Specialist
752,Patricio,Richel,prichelkv@privacy.gov.au,Male,Occupational Therapist
753,Flinn,Rowthorn,frowthornkw@cam.ac.uk,Male,Payment Adjustment Coordinator
754,Keefer,Hiscoke,khiscokekx@amazon.com,Male,Recruiting Manager
755,Idelle,Schrir,ischrirky@amazon.de,Female,Software Engineer III
756,Neala,Heck,nheckkz@alibaba.com,Female,Marketing Manager
757,Godwin,Hedlestone,ghedlestonel0@flickr.com,Male,Programmer Analyst I
758,Essy,McKyrrelly,emckyrrellyl1@ihg.com,Female,Assistant Manager
759,Craig,Schlagtmans,cschlagtmansl2@unicef.org,Male,VP Marketing
760,Albertine,Konrad,akonradl3@acquirethisname.com,Agender,Senior Quality Engineer
761,Marabel,Dingwall,mdingwalll4@mayoclinic.com,Bigender,Web Developer I
762,Randene,Seville,rsevillel5@jiathis.com,Female,Librarian
763,Talbert,Rousby,trousbyl6@ebay.co.uk,Male,Staff Scientist
764,Kevan,Clapham,kclaphaml7@digg.com,Agender,Human Resources Assistant I
765,Tillie,Lowmass,tlowmassl8@drupal.org,Female,Clinical Specialist
766,Benedikta,Wakeling,bwakelingl9@oakley.com,Female,Account Coordinator
767,Gauthier,Van Giffen,gvangiffenla@buzzfeed.com,Male,Actuary
768,Breena,Bloggett,bbloggettlb@omniture.com,Female,Automation Specialist I
769,Mata,McCarry,mmccarrylc@hp.com,Male,Sales Associate
770,Cicily,Earley,cearleyld@google.com,Female,Quality Engineer
771,Hubert,Braim,hbraimle@printfriendly.com,Male,Product Engineer
772,Flossy,Gerrard,fgerrardlf@1und1.de,Female,Food Chemist
773,Jacklin,Blethyn,jblethynlg@booking.com,Female,Senior Financial Analyst
774,Ashlin,Twort,atwortlh@elpais.com,Male,VP Sales
775,Saree,Cymper,scymperli@businesswire.com,Female,Web Developer III
776,Danella,Rispen,drispenlj@symantec.com,Female,Speech Pathologist
777,Tiertza,Flacke,tflackelk@hubpages.com,Female,Information Systems Manager
778,Myer,Hazlewood,mhazlewoodll@umn.edu,Male,Dental Hygienist
779,Mina,Kowal,mkowallm@prlog.org,Female,Legal Assistant
780,Carey,Major,cmajorln@tamu.edu,Female,Librarian
781,Willey,Benedick,wbenedicklo@163.com,Male,Electrical Engineer
782,Rube,Cabrales,rcabraleslp@blinklist.com,Male,Physical Therapy Assistant
783,Emmye,Wellesley,ewellesleylq@canalblog.com,Female,Legal Assistant
784,Katusha,Long,klonglr@earthlink.net,Genderqueer,Recruiter
785,Shay,Ubsdale,subsdalels@oaic.gov.au,Male,Compensation Analyst
786,Kathrine,O'Hearn,kohearnlt@netvibes.com,Female,Help Desk Operator
787,Thatch,Earthfield,tearthfieldlu@telegraph.co.uk,Non-binary,Systems Administrator IV
788,Chance,Pepi,cpepilv@businessweek.com,Male,Compensation Analyst
789,Merna,Coultish,mcoultishlw@cnet.com,Female,Analog Circuit Design manager
790,Isaac,Eakin,ieakinlx@netlog.com,Male,Mechanical Systems Engineer
791,Roldan,Iacovelli,riacovellily@vimeo.com,Male,Quality Engineer
792,Forbes,Pasterfield,fpasterfieldlz@intel.com,Male,Quality Engineer
793,Myrilla,Esmead,mesmeadm0@about.me,Female,Assistant Manager
794,Romeo,Simenet,rsimenetm1@adobe.com,Male,Analyst Programmer
795,Ker,Koeppke,kkoeppkem2@uol.com.br,Male,Analyst Programmer
796,Adaline,Schule,aschulem3@wsj.com,Female,Software Test Engineer I
797,Wandis,Noteyoung,wnoteyoungm4@phpbb.com,Female,Actuary
798,Meryl,Jerzycowski,mjerzycowskim5@paginegialle.it,Genderfluid,Web Designer IV
799,Rochelle,Heggman,rheggmanm6@businesswire.com,Female,Environmental Specialist
800,Mignonne,Ealden,mealdenm7@noaa.gov,Female,Senior Editor
801,Rudolfo,Bignal,rbignalm8@wix.com,Male,Office Assistant IV
802,Cicily,Bernardinelli,cbernardinellim9@utexas.edu,Female,Payment Adjustment Coordinator
803,Brennan,Langworthy,blangworthyma@samsung.com,Male,Internal Auditor
804,Jaine,Cottle,jcottlemb@ibm.com,Female,Human Resources Manager
805,Renee,Daviddi,rdaviddimc@google.co.uk,Female,Editor
806,Maurene,Barthorpe,mbarthorpemd@tripod.com,Female,Quality Engineer
807,Colin,Antunez,cantunezme@people.com.cn,Male,Product Engineer
808,Gale,McGrale,gmcgralemf@tripod.com,Male,Research Associate
809,Gail,Huygen,ghuygenmg@nbcnews.com,Genderqueer,Accounting Assistant III
810,Cathryn,Brooker,cbrookermh@fda.gov,Female,Senior Sales Associate
811,Ulrica,Lopez,ulopezmi@parallels.com,Agender,Administrative Assistant II
812,Rutherford,Vooght,rvooghtmj@jimdo.com,Male,Quality Control Specialist
813,Dagmar,Davall,ddavallmk@cdbaby.com,Female,Research Associate
814,Erhart,Von Welldun,evonwelldunml@auda.org.au,Agender,Mechanical Systems Engineer
815,Demetris,Clarke,dclarkemm@toplist.cz,Polygender,Budget/Accounting Analyst I
816,Toiboid,Skellorne,tskellornemn@mail.ru,Male,Payment Adjustment Coordinator
817,Steven,Trude,strudemo@pinterest.com,Male,Human Resources Assistant III
818,Cosette,Hayselden,chayseldenmp@issuu.com,Genderqueer,Cost Accountant
819,Tommy,Matiebe,tmatiebemq@arizona.edu,Male,Clinical Specialist
820,Evelyn,McCafferky,emccafferkymr@vistaprint.com,Female,Accounting Assistant II
821,Xerxes,Chetter,xchetterms@chronoengine.com,Male,Human Resources Manager
822,Sheridan,Pavlov,spavlovmt@discovery.com,Male,Assistant Manager
823,Darcie,O'Crigane,docriganemu@va.gov,Female,VP Product Management
824,Abbye,Romke,aromkemv@yellowbook.com,Female,Web Developer IV
825,Honor,Tregidgo,htregidgomw@vk.com,Female,VP Quality Control
826,Milly,Clarkin,mclarkinmx@scribd.com,Female,Senior Quality Engineer
827,Jeri,Blanpein,jblanpeinmy@ning.com,Bigender,Help Desk Technician
828,Wally,Grewe,wgrewemz@sourceforge.net,Female,Database Administrator III
829,Esma,Adamczewski,eadamczewskin0@51.la,Female,Dental Hygienist
830,Petrina,Moran,pmorann1@omniture.com,Female,Operator
831,Shelba,Cescoti,scescotin2@bravesites.com,Female,Computer Systems Analyst IV
832,Cord,Bloggett,cbloggettn3@home.pl,Male,Statistician IV
833,Gay,Penright,gpenrightn4@live.com,Male,Actuary
834,Deirdre,Buckell,dbuckelln5@cdc.gov,Female,Electrical Engineer
835,Durante,Hitter,dhittern6@etsy.com,Male,Structural Engineer
836,Mirna,Domesday,mdomesdayn7@china.com.cn,Female,Quality Engineer
837,Nisse,Smythin,nsmythinn8@mapquest.com,Female,Financial Analyst
838,Abel,Kitlee,akitleen9@icq.com,Male,Office Assistant IV
839,Lib,Seppey,lseppeyna@salon.com,Female,Food Chemist
840,Halsy,Beddoe,hbeddoenb@163.com,Male,Food Chemist
841,Nappie,Giraldon,ngiraldonnc@state.gov,Male,Quality Control Specialist
842,Derron,Beedon,dbeedonnd@prlog.org,Male,Junior Executive
843,Ninette,Spawton,nspawtonne@sun.com,Polygender,Statistician III
844,Myranda,Eble,meblenf@mlb.com,Female,Senior Editor
845,Casandra,Nials,cnialsng@mozilla.org,Female,Mechanical Systems Engineer
846,Aleksandr,Janks,ajanksnh@themeforest.net,Male,Social Worker
847,Del,Critchell,dcritchellni@nydailynews.com,Polygender,Chemical Engineer
848,Anestassia,Undy,aundynj@nih.gov,Female,Staff Accountant I
849,Roy,Slucock,rslucocknk@wired.com,Male,Editor
850,Gerti,Pieracci,gpieraccinl@newsvine.com,Female,Project Manager
851,Adela,Maynell,amaynellnm@yolasite.com,Female,Business Systems Development Analyst
852,Wenona,Saurin,wsaurinnn@webmd.com,Female,Account Coordinator
853,Karola,Sweeten,ksweetenno@hubpages.com,Female,Software Test Engineer I
854,Augustin,Shuttleworth,ashuttleworthnp@webeden.co.uk,Male,Environmental Specialist
855,Ingemar,Sebrook,isebrooknq@wikia.com,Male,Marketing Assistant
856,Fawnia,Leschelle,fleschellenr@stumbleupon.com,Female,Tax Accountant
857,Anny,Keays,akeaysns@csmonitor.com,Female,Assistant Media Planner
858,Desdemona,Petteford,dpettefordnt@wikipedia.org,Female,Technical Writer
859,Perry,Haryngton,pharyngtonnu@issuu.com,Male,Community Outreach Specialist
860,Phyllis,Hosburn,phosburnnv@furl.net,Female,Automation Specialist II
861,Seth,Pullinger,spullingernw@cisco.com,Male,Senior Quality Engineer
862,Constantin,Icke,cickenx@utexas.edu,Male,Cost Accountant
863,Gennifer,Norcott,gnorcottny@naver.com,Female,Accountant I
864,Bibby,Daughtry,bdaughtrynz@about.me,Female,Software Test Engineer IV
865,Poul,Benmore,pbenmoreo0@reddit.com,Agender,Help Desk Operator
866,Oberon,Curtoys,ocurtoyso1@ucla.edu,Male,Electrical Engineer
867,Talia,McWhin,tmcwhino2@pcworld.com,Female,Civil Engineer
868,Antin,Roelofsen,aroelofseno3@linkedin.com,Male,Registered Nurse
869,Jeffry,Arnall,jarnallo4@yellowbook.com,Male,Administrative Assistant I
870,Vonni,Bard,vbardo5@merriam-webster.com,Female,Computer Systems Analyst IV
871,Vivia,Bredes,vbredeso6@wunderground.com,Female,Human Resources Manager
872,Pren,South,psoutho7@google.it,Male,Nurse
873,Valentine,Tapley,vtapleyo8@walmart.com,Male,Environmental Specialist
874,Meredithe,Gledhill,mgledhillo9@japanpost.jp,Female,Account Executive
875,Jessamine,Denkel,jdenkeloa@multiply.com,Female,Professor
876,Curran,Roels,croelsob@canalblog.com,Male,Senior Cost Accountant
877,Fran,Bradnock,fbradnockoc@independent.co.uk,Female,Business Systems Development Analyst
878,Jori,Bidewel,jbidewelod@joomla.org,Female,Junior Executive
879,Tadd,Sleath,tsleathoe@studiopress.com,Male,Help Desk Technician
880,Cleon,Aldersey,calderseyof@example.com,Male,Geological Engineer
881,Ernestus,Marklow,emarklowog@microsoft.com,Male,Help Desk Technician
882,Leigha,O' Hern,lohernoh@eepurl.com,Genderfluid,Staff Scientist
883,Brear,Yakov,byakovoi@statcounter.com,Female,Actuary
884,Lurleen,Weems,lweemsoj@mashable.com,Non-binary,General Manager
885,Bess,Woolpert,bwoolpertok@craigslist.org,Female,Pharmacist
886,Aubrey,Denney,adenneyol@360.cn,Female,Statistician I
887,Jake,Tille,jtilleom@artisteer.com,Genderqueer,Nurse
888,Bondon,Buckell,bbuckellon@time.com,Male,Internal Auditor
889,Phaedra,Dahlbom,pdahlbomoo@phpbb.com,Bigender,Programmer II
890,Westbrook,Lenthall,wlenthallop@psu.edu,Male,Engineer I
891,Siward,Mouncher,smouncheroq@feedburner.com,Male,VP Accounting
892,Mariel,Dominichetti,mdominichettior@rakuten.co.jp,Female,Programmer Analyst IV
893,Rhodia,Hardeman,rhardemanos@hostgator.com,Female,Human Resources Manager
894,Pollyanna,Alston,palstonot@irs.gov,Female,Business Systems Development Analyst
895,Harrison,Benkin,hbenkinou@wordpress.com,Male,Recruiting Manager
896,Aurelia,Meriot,ameriotov@canalblog.com,Female,Senior Financial Analyst
897,Barnett,Wissbey,bwissbeyow@auda.org.au,Male,Administrative Assistant II
898,Lib,Doldon,ldoldonox@instagram.com,Female,Software Engineer IV
899,Pietro,Thackwray,pthackwrayoy@opensource.org,Male,Senior Financial Analyst
900,Cammy,Lacase,clacaseoz@bizjournals.com,Male,Structural Engineer
901,Stevena,Jeandin,sjeandinp0@smh.com.au,Female,Software Consultant
902,Christalle,Patient,cpatientp1@wix.com,Agender,Biostatistician III
903,Caresse,Tripp,ctrippp2@ftc.gov,Female,Food Chemist
904,Bartolemo,Branwhite,bbranwhitep3@wordpress.org,Male,Business Systems Development Analyst
905,Liana,Piotrowski,lpiotrowskip4@jalbum.net,Female,Media Manager IV
906,Florina,Shurrock,fshurrockp5@1688.com,Female,Senior Cost Accountant
907,Friedrich,Foxall,ffoxallp6@addtoany.com,Male,Electrical Engineer
908,Jarvis,Gauld,jgauldp7@zimbio.com,Male,Director of Sales
909,Rowan,Tyce,rtycep8@dagondesign.com,Male,Help Desk Technician
910,Kore,Enderwick,kenderwickp9@webmd.com,Female,Sales Associate
911,Goldarina,Galey,ggaleypa@yellowpages.com,Female,Programmer Analyst II
912,Kristin,Willoughby,kwilloughbypb@cbslocal.com,Female,Account Executive
913,Lewes,Hackworthy,lhackworthypc@gmpg.org,Male,Financial Advisor
914,Marlo,Aglione,maglionepd@hugedomains.com,Female,Budget/Accounting Analyst I
915,Justus,Andrez,jandrezpe@intel.com,Male,Health Coach IV
916,Jedediah,Mirfin,jmirfinpf@cdc.gov,Male,Research Associate
917,Audre,Fauning,afauningpg@diigo.com,Female,Engineer II
918,Aguste,Juggins,ajugginsph@technorati.com,Non-binary,Accountant I
919,Jonah,Moxley,jmoxleypi@bigcartel.com,Male,Business Systems Development Analyst
920,Ainslie,Shilliday,ashillidaypj@dmoz.org,Female,Staff Scientist
921,Angelita,Lanfare,alanfarepk@usda.gov,Female,Actuary
922,Dulcy,Monte,dmontepl@oaic.gov.au,Female,Social Worker
923,Gwendolen,Nisuis,gnisuispm@stumbleupon.com,Female,Chemical Engineer
924,Woodie,Batey,wbateypn@stumbleupon.com,Male,Graphic Designer
925,Teddie,Jobes,tjobespo@boston.com,Agender,Assistant Media Planner
926,Marja,Marquess,mmarquesspp@ocn.ne.jp,Female,Structural Analysis Engineer
927,Minny,Treske,mtreskepq@yahoo.com,Female,Occupational Therapist
928,Artemas,Rowlands,arowlandspr@slate.com,Male,Geological Engineer
929,Kristal,Curuclis,kcuruclisps@eepurl.com,Female,Senior Developer
930,Bat,Drakers,bdrakerspt@gov.uk,Male,Analyst Programmer
931,Alma,Pichmann,apichmannpu@deliciousdays.com,Agender,Budget/Accounting Analyst II
932,Cindee,Poetz,cpoetzpv@feedburner.com,Female,Quality Control Specialist
933,Schuyler,Haskett,shaskettpw@icq.com,Male,Office Assistant II
934,Lonna,Haggas,lhaggaspx@imageshack.us,Bigender,Payment Adjustment Coordinator
935,Andras,Ord,aordpy@ed.gov,Male,Research Associate
936,Raven,Melsome,rmelsomepz@merriam-webster.com,Female,Assistant Media Planner
937,Garrick,Pridgeon,gpridgeonq0@comsenz.com,Male,Senior Developer
938,Carlie,Campey,ccampeyq1@uol.com.br,Male,General Manager
939,Marty,Toping,mtopingq2@biglobe.ne.jp,Male,Quality Engineer
940,Timmie,Gownge,tgowngeq3@ucla.edu,Female,GIS Technical Architect
941,Hadrian,Barnish,hbarnishq4@accuweather.com,Male,General Manager
942,Tonnie,Trillo,ttrilloq5@toplist.cz,Male,Administrative Officer
943,Rem,Stokoe,rstokoeq6@phoca.cz,Male,Technical Writer
944,Annamarie,Clotworthy,aclotworthyq7@ucsd.edu,Female,Tax Accountant
945,Ellis,Malec,emalecq8@phpbb.com,Male,Software Consultant
946,Aldus,Romaynes,aromaynesq9@squidoo.com,Male,Engineer III
947,Chester,Ciani,ccianiqa@studiopress.com,Male,Systems Administrator IV
948,Tirrell,Glendzer,tglendzerqb@gmpg.org,Male,Health Coach III
949,Gustav,Paute,gpauteqc@cbslocal.com,Male,Dental Hygienist
950,Thedrick,Warrener,twarrenerqd@ameblo.jp,Male,Programmer IV
951,Base,Haffenden,bhaffendenqe@mapy.cz,Male,Chief Design Engineer
952,Waiter,Fanshaw,wfanshawqf@yellowbook.com,Male,Registered Nurse
953,Bobby,Hagston,bhagstonqg@example.com,Male,VP Quality Control
954,Hersch,Aprahamian,haprahamianqh@so-net.ne.jp,Male,Recruiter
955,Cleve,Went,cwentqi@dailymail.co.uk,Genderqueer,Software Test Engineer III
956,Salim,Philcock,sphilcockqj@opensource.org,Male,VP Sales
957,Natala,Crouch,ncrouchqk@tripod.com,Female,Quality Engineer
958,Norma,Runnett,nrunnettql@163.com,Female,Recruiting Manager
959,Brandy,Pagan,bpaganqm@discovery.com,Polygender,Editor
960,Putnem,Thake,pthakeqn@ucla.edu,Male,Database Administrator IV
961,Buffy,Palmby,bpalmbyqo@cnn.com,Female,Web Designer I
962,Erich,Swain,eswainqp@boston.com,Male,Tax Accountant
963,Shela,Cleveland,sclevelandqq@dailymotion.com,Genderqueer,Human Resources Manager
964,Berty,Tisun,btisunqr@youku.com,Male,VP Accounting
965,Andreas,Buick,abuickqs@umich.edu,Male,Staff Scientist
966,Kare,Mayall,kmayallqt@angelfire.com,Female,Geological Engineer
967,Westleigh,Vassie,wvassiequ@google.pl,Male,Health Coach I
968,Dennison,Tansey,dtanseyqv@ovh.net,Male,Payment Adjustment Coordinator
969,Frasco,Gascard,fgascardqw@livejournal.com,Male,Marketing Assistant
970,Gustavo,Lokier,glokierqx@skyrock.com,Male,Professor
971,Chase,Molfino,cmolfinoqy@illinois.edu,Male,General Manager
972,Jameson,Snipe,jsnipeqz@aboutads.info,Male,Senior Sales Associate
973,Adriano,Breawood,abreawoodr0@epa.gov,Polygender,Automation Specialist IV
974,Frants,Eakens,feakensr1@engadget.com,Male,Sales Associate
975,Barnabas,Cianni,bciannir2@simplemachines.org,Male,Programmer Analyst II
976,Lilly,Manz,lmanzr3@comsenz.com,Female,Statistician I
977,Allina,Klinck,aklinckr4@clickbank.net,Female,Environmental Tech
978,Leopold,Penhale,lpenhaler5@g.co,Male,Assistant Professor
979,Weston,Burford,wburfordr6@ycombinator.com,Male,VP Marketing
980,Mohandis,Strelitzki,mstrelitzkir7@nsw.gov.au,Male,Business Systems Development Analyst
981,Hillary,Mayfield,hmayfieldr8@twitter.com,Male,Tax Accountant
982,Cate,Dionisi,cdionisir9@creativecommons.org,Non-binary,Civil Engineer
983,Hedwiga,Crewdson,hcrewdsonra@salon.com,Female,Environmental Tech
984,Millicent,Tombleson,mtomblesonrb@facebook.com,Female,General Manager
985,Minnnie,Stoeckle,mstoecklerc@bandcamp.com,Female,Analog Circuit Design manager
986,Yorgo,Wathen,ywathenrd@people.com.cn,Polygender,Structural Analysis Engineer
987,Rudyard,Spriggs,rspriggsre@about.me,Male,Mechanical Systems Engineer
988,Madonna,Fleury,mfleuryrf@china.com.cn,Female,Financial Analyst
989,Darlene,Skinley,dskinleyrg@google.es,Bigender,Research Associate
990,Nat,Thwaite,nthwaiterh@google.com.au,Male,Actuary
991,Mitch,Georgiev,mgeorgievri@mozilla.org,Male,Operator
992,Sayre,Thorns,sthornsrj@sakura.ne.jp,Genderfluid,Project Manager
993,Lily,Fuggles,lfugglesrk@un.org,Female,Editor
994,Kimberly,Cranage,kcranagerl@engadget.com,Female,Pharmacist
995,Selena,Matysik,smatysikrm@chron.com,Female,Marketing Manager
996,Federico,Haskell,fhaskellrn@ucoz.ru,Male,Senior Sales Associate
997,Bartholomeo,Parish,bparishro@howstuffworks.com,Male,Financial Advisor
998,Franciska,Smillie,fsmillierp@ucoz.ru,Female,VP Quality Control
999,Benny,McIan,bmcianrq@rambler.ru,Female,Assistant Professor
1000,Prissie,Bohman,pbohmanrr@bloglines.com,Female,Editor
